{"loglik":343.05150258936123,"nobs_":250,"pair copulas":{"tree0":{"pc0":{"fam":"Clayton","ll":6.327558733902673,"nobs":250,"npars":1.0,"par":{"data":[0.2860551299944477],"shape":[1,1]},"rot":90,"vt":["c","c"]},"pc1":{"fam":"Frank","ll":204.2737221654496,"nobs":250,"npars":1.0,"par":{"data":[12.755730975413682],"shape":[1,1]},"rot":0,"vt":["c","c"]},"pc2":{"fam":"Clayton","ll":4.334542642523585,"nobs":250,"npars":1.0,"par":{"data":[0.21211026074212963],"shape":[1,1]},"rot":180,"vt":["c","c"]}},"tree1":{"pc0":{"fam":"Clayton","ll":124.33809950848801,"nobs":250,"npars":1.0,"par":{"data":[2.3176205173746443],"shape":[1,1]},"rot":0,"vt":["c","c"]},"pc1":{"fam":"Gaussian","ll":2.876951478379479,"nobs":250,"npars":1.0,"par":{"data":[0.1580914137794487],"shape":[1,1]},"rot":0,"vt":["c","c"]}},"tree2":{"pc0":{"fam":"Clayton","ll":0.9006280606178447,"nobs":250,"npars":1.0,"par":{"data":[0.09895205050905838],"shape":[1,1]},"rot":180,"vt":["c","c"]}}},"structure":{"array":{"d":4,"data":[[4,4,4],[3,3],[2]],"t":3},"order":[4,3,2,1]},"threshold":0.0,"var_types":["c","c","c","c"]}
